MSA,2000,2010,Number,Percent
"Abilene, TX","160,245","165,252","5,007",3.1
"Akron, OH","694,960","703,200","8,240",1.2
"Albany, GA","157,833","157,308",-525,-0.3
"Albany, OR","103,069","116,672","13,603",13.2
"Albany-Schenectady-Troy, NY","825,875","870,716","44,841",5.4
"Albuquerque, NM","729,649","887,077","157,428",21.6
"Alexandria, LA","145,035","153,922","8,887",6.1
"Allentown-Bethlehem-Easton, PA-NJ","740,395","821,173","80,778",10.9
"Altoona, PA","129,144","127,089","-2,055",-1.6
"Amarillo, TX","228,707","251,933","23,226",10.2
"Ames, IA","79,981","89,542","9,561",12
"Anchorage, AK","319,605","380,821","61,216",19.2
"Ann Arbor, MI","322,895","344,791","21,896",6.8
"Anniston-Oxford-Jacksonville, AL","112,249","118,572","6,323",5.6
"Appleton, WI","201,602","225,666","24,064",11.9
"Asheville, NC","369,171","424,858","55,687",15.1
"Athens-Clarke County, GA","166,079","192,541","26,462",15.9
"Atlanta-Sandy Springs-Roswell, GA","4,263,438","5,286,728","1,023,290",24
"Atlantic City-Hammonton, NJ","252,552","274,549","21,997",8.7
"Auburn-Opelika, AL","115,092","140,247","25,155",21.9
"Augusta-Richmond County, GA-SC","508,032","564,873","56,841",11.2
"Austin-Round Rock, TX","1,249,763","1,716,289","466,526",37.3
"Bakersfield, CA","661,645","839,631","177,986",26.9
"Baltimore-Columbia-Towson, MD","2,552,994","2,710,489","157,495",6.2
"Bangor, ME","144,919","153,923","9,004",6.2
"Barnstable Town, MA","222,230","215,888","-6,342",-2.9
"Baton Rouge, LA","705,973","802,484","96,511",13.7
"Battle Creek, MI","137,985","136,146","-1,839",-1.3
"Bay City, MI","110,157","107,771","-2,386",-2.2
"Beaumont-Port Arthur, TX","400,162","403,190","3,028",0.8
"Beckley, WV","126,799","124,898","-1,901",-1.5
"Bellingham, WA","166,814","201,140","34,326",20.6
"Bend-Redmond, OR","115,367","157,733","42,366",36.7
"Billings, MT","139,946","158,934","18,988",13.6
"Binghamton, NY","252,320","251,725",-595,-0.2
"Birmingham-Hoover, AL","1,052,238","1,128,047","75,809",7.2
"Bismarck, ND","100,828","114,778","13,950",13.8
"Blacksburg-Christiansburg-Radford, VA","165,146","178,237","13,091",7.9
"Bloomington, IL","167,231","186,133","18,902",11.3
"Bloomington, IN","142,349","159,549","17,200",12.1
"Bloomsburg-Berwick, PA","82,387","85,562","3,175",3.9
"Boise City, ID","464,840","616,561","151,721",32.6
"Boston-Cambridge-Newton, MA-NH","4,391,344","4,552,402","161,058",3.7
"Boulder, CO","269,814","294,567","24,753",9.2
"Bowling Green, KY","134,976","158,599","23,623",17.5
"Bremerton-Silverdale, WA","231,969","251,133","19,164",8.3
"Bridgeport-Stamford-Norwalk, CT","882,567","916,829","34,262",3.9
"Brownsville-Harlingen, TX","335,227","406,220","70,993",21.2
"Brunswick, GA","93,044","112,370","19,326",20.8
"Buffalo-Cheektowaga-Niagara Falls, NY","1,170,111","1,135,509","-34,602",-3
"Burlington, NC","130,800","151,131","20,331",15.5
"Burlington-South Burlington, VT","198,889","211,261","12,372",6.2
"California-Lexington Park, MD","86,211","105,151","18,940",22
"Canton-Massillon, OH","406,934","404,422","-2,512",-0.6
"Cape Coral-Fort Myers, FL","440,888","618,754","177,866",40.3
"Cape Girardeau, MO-IL","90,312","96,275","5,963",6.6
"Carbondale-Marion, IL","120,908","126,575","5,667",4.7
"Carson City, NV","52,457","55,274","2,817",5.4
"Casper, WY","66,533","75,450","8,917",13.4
"Cedar Rapids, IA","237,230","257,940","20,710",8.7
"Chambersburg-Waynesboro, PA","129,313","149,618","20,305",15.7
"Champaign-Urbana, IL","210,275","231,891","21,616",10.3
"Charleston, WV","235,938","227,078","-8,860",-3.8
"Charleston-North Charleston, SC","549,033","664,607","115,574",21.1
"Charlotte-Concord-Gastonia, NC-SC","1,717,372","2,217,012","499,640",29.1
"Charlottesville, VA","189,644","218,705","29,061",15.3
"Chattanooga, TN-GA","476,531","528,143","51,612",10.8
"Cheyenne, WY","81,607","91,738","10,131",12.4
"Chicago-Naperville-Elgin, IL-IN-WI","9,098,316","9,461,105","362,789",4
"Chico, CA","203,171","220,000","16,829",8.3
"Cincinnati, OH-KY-IN","1,994,830","2,114,580","119,750",6
"Clarksville, TN-KY","219,630","260,625","40,995",18.7
"Cleveland, TN","104,015","115,788","11,773",11.3
"Cleveland-Elyria, OH","2,148,143","2,077,240","-70,903",-3.3
"Coeur d'Alene, ID","108,685","138,494","29,809",27.4
"College Station-Bryan, TX","184,885","228,660","43,775",23.7
"Colorado Springs, CO","537,484","645,613","108,129",20.1
"Columbia, MO","135,454","162,642","27,188",20.1
"Columbia, SC","647,158","767,598","120,440",18.6
"Columbus, GA-AL","281,768","294,865","13,097",4.6
"Columbus, IN","71,435","76,794","5,359",7.5
"Columbus, OH","1,675,013","1,901,974","226,961",13.5
"Corpus Christi, TX","403,280","428,185","24,905",6.2
"Corvallis, OR","78,153","85,579","7,426",9.5
"Crestview-Fort Walton Beach-Destin, FL","211,099","235,865","24,766",11.7
"Cumberland, MD-WV","102,008","103,299","1,291",1.3
"Dallas-Fort Worth-Arlington, TX","5,204,126","6,426,214","1,222,088",23.5
"Dalton, GA","120,031","142,227","22,196",18.5
"Danville, IL","83,919","81,625","-2,294",-2.7
"Daphne-Fairhope-Foley, AL","140,415","182,265","41,850",29.8
"Davenport-Moline-Rock Island, IA-IL","376,019","379,690","3,671",1
"Dayton, OH","805,816","799,232","-6,584",-0.8
"Decatur, AL","145,867","153,829","7,962",5.5
"Decatur, IL","114,706","110,768","-3,938",-3.4
"Deltona-Daytona Beach-Ormond Beach, FL","493,175","590,289","97,114",19.7
"Denver-Aurora-Lakewood, CO","2,179,240","2,543,482","364,242",16.7
"Des Moines-West Des Moines, IA","481,394","569,633","88,239",18.3
"Detroit-Warren-Dearborn, MI","4,452,557","4,296,250","-156,307",-3.5
"Dothan, AL","130,861","145,639","14,778",11.3
"Dover, DE","126,697","162,310","35,613",28.1
"Dubuque, IA","89,143","93,653","4,510",5.1
"Duluth, MN-WI","275,486","279,771","4,285",1.6
"Durham-Chapel Hill, NC","426,493","504,357","77,864",18.3
"East Stroudsburg, PA","138,687","169,842","31,155",22.5
"Eau Claire, WI","148,337","161,151","12,814",8.6
"El Centro, CA","142,361","174,528","32,167",22.6
"Elizabethtown-Fort Knox, KY","133,896","148,338","14,442",10.8
"Elkhart-Goshen, IN","182,791","197,559","14,768",8.1
"Elmira, NY","91,070","88,830","-2,240",-2.5
"El Paso, TX","682,966","804,123","121,157",17.7
"Erie, PA","280,843","280,566",-277,-0.1
"Eugene, OR","322,959","351,715","28,756",8.9
"Evansville, IN-KY","296,195","311,552","15,357",5.2
"Fairbanks, AK","82,840","97,581","14,741",17.8
"Fargo, ND-MN","174,367","208,777","34,410",19.7
"Farmington, NM","113,801","130,044","16,243",14.3
"Fayetteville, NC","336,609","366,383","29,774",8.8
"Fayetteville-Springdale-Rogers, AR-MO","347,045","463,204","116,159",33.5
"Flagstaff, AZ","116,320","134,421","18,101",15.6
"Flint, MI","436,141","425,790","-10,351",-2.4
"Florence, SC","193,155","205,566","12,411",6.4
"Florence-Muscle Shoals, AL","142,950","147,137","4,187",2.9
"Fond du Lac, WI","97,296","101,633","4,337",4.5
"Fort Collins, CO","251,494","299,630","48,136",19.1
"Fort Smith, AR-OK","255,399","280,467","25,068",9.8
"Fort Wayne, IN","390,156","416,257","26,101",6.7
"Fresno, CA","799,407","930,450","131,043",16.4
"Gadsden, AL","103,459","104,430",971,0.9
"Gainesville, FL","232,392","264,275","31,883",13.7
"Gainesville, GA","139,277","179,684","40,407",29
"Gettysburg, PA","91,292","101,407","10,115",11.1
"Glens Falls, NY","124,345","128,923","4,578",3.7
"Goldsboro, NC","113,329","122,623","9,294",8.2
"Grand Forks, ND-MN","97,478","98,461",983,1
"Grand Island, NE","77,708","81,850","4,142",5.3
"Grand Junction, CO","116,255","146,723","30,468",26.2
"Grand Rapids-Wyoming, MI","930,670","988,938","58,268",6.3
"Grants Pass, OR","75,726","82,713","6,987",9.2
"Great Falls, MT","80,357","81,327",970,1.2
"Greeley, CO","180,926","252,825","71,899",39.7
"Green Bay, WI","282,599","306,241","23,642",8.4
"Greensboro-High Point, NC","643,430","723,801","80,371",12.5
"Greenville, NC","133,798","168,148","34,350",25.7
"Greenville-Anderson-Mauldin, SC","725,680","824,112","98,432",13.6
"Gulfport-Biloxi-Pascagoula, MS","363,988","370,702","6,714",1.8
"Hagerstown-Martinsburg, MD-WV","207,828","251,599","43,771",21.1
"Hammond, LA","100,588","121,097","20,509",20.4
"Hanford-Corcoran, CA","129,461","152,982","23,521",18.2
"Harrisburg-Carlisle, PA","509,074","549,475","40,401",7.9
"Harrisonburg, VA","108,193","125,228","17,035",15.7
"Hartford-West Hartford-East Hartford, CT","1,148,618","1,212,381","63,763",5.6
"Hattiesburg, MS","123,812","142,842","19,030",15.4
"Hickory-Lenoir-Morganton, NC","341,851","365,497","23,646",6.9
"Hilton Head Island-Bluffton-Beaufort, SC","141,615","187,010","45,395",32.1
"Hinesville, GA","71,914","77,917","6,003",8.3
"Homosassa Springs, FL","118,085","141,236","23,151",19.6
"Hot Springs, AR","88,068","96,024","7,956",9
"Houma-Thibodaux, LA","194,477","208,178","13,701",7
"Houston-The Woodlands-Sugar Land, TX","4,693,161","5,920,416","1,227,255",26.1
"Huntington-Ashland, WV-KY-OH","362,346","364,908","2,562",0.7
"Huntsville, AL","342,376","417,593","75,217",22
"Idaho Falls, ID","104,576","133,265","28,689",27.4
"Indianapolis-Carmel-Anderson, IN","1,658,462","1,887,877","229,415",13.8
"Iowa City, IA","131,676","152,586","20,910",15.9
"Ithaca, NY","96,501","101,564","5,063",5.2
"Jackson, MI","158,422","160,248","1,826",1.2
"Jackson, MS","525,346","567,122","41,776",8
"Jackson, TN","121,909","130,011","8,102",6.6
"Jacksonville, FL","1,122,750","1,345,596","222,846",19.8
"Jacksonville, NC","150,355","177,772","27,417",18.2
"Janesville-Beloit, WI","152,307","160,331","8,024",5.3
"Jefferson City, MO","140,052","149,807","9,755",7
"Johnson City, TN","181,607","198,716","17,109",9.4
"Johnstown, PA","152,598","143,679","-8,919",-5.8
"Jonesboro, AR","107,762","121,026","13,264",12.3
"Joplin, MO","157,322","175,518","18,196",11.6
"Kahului-Wailuku-Lahaina, HI","128,241","154,924","26,683",20.8
"Kalamazoo-Portage, MI","314,866","326,589","11,723",3.7
"Kankakee, IL","103,833","113,449","9,616",9.3
"Kansas City, MO-KS","1,811,254","2,009,342","198,088",10.9
"Kennewick-Richland, WA","191,822","253,340","61,518",32.1
"Killeen-Temple, TX","330,714","405,300","74,586",22.6
"Kingsport-Bristol-Bristol, TN-VA","298,484","309,544","11,060",3.7
"Kingston, NY","177,749","182,493","4,744",2.7
"Knoxville, TN","748,259","837,571","89,312",11.9
"Kokomo, IN","84,964","82,752","-2,212",-2.6
"La Crosse-Onalaska, WI-MN","126,838","133,665","6,827",5.4
"Lafayette, LA","425,020","466,750","41,730",9.8
"Lafayette-West Lafayette, IN","178,541","201,789","23,248",13
"Lake Charles, LA","193,568","199,607","6,039",3.1
"Lake Havasu City-Kingman, AZ","155,032","200,186","45,154",29.1
"Lakeland-Winter Haven, FL","483,924","602,095","118,171",24.4
"Lancaster, PA","470,658","519,445","48,787",10.4
"Lansing-East Lansing, MI","447,728","464,036","16,308",3.6
"Laredo, TX","193,117","250,304","57,187",29.6
"Las Cruces, NM","174,682","209,233","34,551",19.8
"Las Vegas-Henderson-Paradise, NV","1,375,765","1,951,269","575,504",41.8
"Lawrence, KS","99,962","110,826","10,864",10.9
"Lawton, OK","121,610","130,291","8,681",7.1
"Lebanon, PA","120,327","133,568","13,241",11
"Lewiston, ID-WA","57,961","60,888","2,927",5
"Lewiston-Auburn, ME","103,793","107,702","3,909",3.8
"Lexington-Fayette, KY","408,326","472,099","63,773",15.6
"Lima, OH","108,473","106,331","-2,142",-2
"Lincoln, NE","266,787","302,157","35,370",13.3
"Little Rock-North Little Rock-Conway, AR","610,518","699,757","89,239",14.6
"Logan, UT-ID","102,720","125,442","22,722",22.1
"Longview, TX","194,042","214,369","20,327",10.5
"Longview, WA","92,948","102,410","9,462",10.2
"Los Angeles-Long Beach-Anaheim, CA","12,365,627","12,828,837","463,210",3.7
"Louisville/Jefferson County, KY-IN","1,121,109","1,235,708","114,599",10.2
"Lubbock, TX","256,250","290,805","34,555",13.5
"Lynchburg, VA","228,616","252,634","24,018",10.5
"Macon, GA","222,368","232,293","9,925",4.5
"Madera, CA","123,109","150,865","27,756",22.5
"Madison, WI","535,421","605,435","70,014",13.1
"Manchester-Nashua, NH","380,841","400,721","19,880",5.2
"Manhattan, KS","81,052","92,719","11,667",14.4
"Mankato-North Mankato, MN","85,712","96,740","11,028",12.9
"Mansfield, OH","128,852","124,475","-4,377",-3.4
"McAllen-Edinburg-Mission, TX","569,463","774,769","205,306",36.1
"Medford, OR","181,269","203,206","21,937",12.1
"Memphis, TN-MS-AR","1,213,230","1,324,829","111,599",9.2
"Merced, CA","210,554","255,793","45,239",21.5
"Miami-Fort Lauderdale-West Palm Beach, FL","5,007,564","5,564,635","557,071",11.1
"Michigan City-La Porte, IN","110,106","111,467","1,361",1.2
"Midland, MI","82,874","83,629",755,0.9
"Midland, TX","120,755","141,671","20,916",17.3
"Milwaukee-Waukesha-West Allis, WI","1,500,741","1,555,908","55,167",3.7
"Minneapolis-St. Paul-Bloomington, MN-WI","3,031,918","3,348,859","316,941",10.5
"Missoula, MT","95,802","109,299","13,497",14.1
"Mobile, AL","399,843","412,992","13,149",3.3
"Modesto, CA","446,997","514,453","67,456",15.1
"Monroe, LA","170,053","176,441","6,388",3.8
"Monroe, MI","145,945","152,021","6,076",4.2
"Montgomery, AL","346,528","374,536","28,008",8.1
"Morgantown, WV","111,200","129,709","18,509",16.6
"Morristown, TN","102,422","113,951","11,529",11.3
"Mount Vernon-Anacortes, WA","102,979","116,901","13,922",13.5
"Muncie, IN","118,769","117,671","-1,098",-0.9
"Muskegon, MI","170,200","172,188","1,988",1.2
"Myrtle Beach-Conway-North Myrtle Beach, SC-NC","269,772","376,722","106,950",39.6
"Napa, CA","124,279","136,484","12,205",9.8
"Naples-Immokalee-Marco Island, FL","251,377","321,520","70,143",27.9
"Nashville-Davidson--Murfreesboro--Franklin, TN","1,381,287","1,670,890","289,603",21
"New Bern, NC","114,751","126,802","12,051",10.5
"New Haven-Milford, CT","824,008","862,477","38,469",4.7
"New Orleans-Metairie, LA","1,337,726","1,189,866","-147,860",-11.1
"New York-Newark-Jersey City, NY-NJ-PA","18,944,519","19,567,410","622,891",3.3
"Niles-Benton Harbor, MI","162,453","156,813","-5,640",-3.5
"North Port-Sarasota-Bradenton, FL","589,959","702,281","112,322",19
"Norwich-New London, CT","259,088","274,055","14,967",5.8
"Ocala, FL","258,916","331,298","72,382",28
"Ocean City, NJ","102,326","97,265","-5,061",-4.9
"Odessa, TX","121,123","137,130","16,007",13.2
"Ogden-Clearfield, UT","485,401","597,159","111,758",23
"Oklahoma City, OK","1,095,421","1,252,987","157,566",14.4
"Olympia-Tumwater, WA","207,355","252,264","44,909",21.7
"Omaha-Council Bluffs, NE-IA","767,041","865,350","98,309",12.8
"Orlando-Kissimmee-Sanford, FL","1,644,561","2,134,411","489,850",29.8
"Oshkosh-Neenah, WI","156,763","166,994","10,231",6.5
"Owensboro, KY","109,875","114,752","4,877",4.4
"Oxnard-Thousand Oaks-Ventura, CA","753,197","823,318","70,121",9.3
"Palm Bay-Melbourne-Titusville, FL","476,230","543,376","67,146",14.1
"Panama City, FL","161,549","184,715","23,166",14.3
"Parkersburg-Vienna, WV","93,859","92,673","-1,186",-1.3
"Pensacola-Ferry Pass-Brent, FL","412,153","448,991","36,838",8.9
"Peoria, IL","366,899","379,186","12,287",3.3
"Philadelphia-Camden-Wilmington, PA-NJ-DE-MD","5,687,147","5,965,343","278,196",4.9
"Phoenix-Mesa-Scottsdale, AZ","3,251,876","4,192,887","941,011",28.9
"Pine Bluff, AR","107,341","100,258","-7,083",-6.6
"Pittsburgh, PA","2,431,087","2,356,285","-74,802",-3.1
"Pittsfield, MA","134,953","131,219","-3,734",-2.8
"Pocatello, ID","75,565","82,839","7,274",9.6
"Portland-South Portland, ME","487,568","514,098","26,530",5.4
"Portland-Vancouver-Hillsboro, OR-WA","1,927,881","2,226,009","298,128",15.5
"Port St. Lucie, FL","319,426","424,107","104,681",32.8
"Prescott, AZ","167,517","211,033","43,516",26
"Providence-Warwick, RI-MA","1,582,997","1,600,852","17,855",1.1
"Provo-Orem, UT","376,774","526,810","150,036",39.8
"Pueblo, CO","141,472","159,063","17,591",12.4
"Punta Gorda, FL","141,627","159,978","18,351",13
"Racine, WI","188,831","195,408","6,577",3.5
"Raleigh, NC","797,071","1,130,490","333,419",41.8
"Rapid City, SD","120,093","134,598","14,505",12.1
"Reading, PA","373,638","411,442","37,804",10.1
"Redding, CA","163,256","177,223","13,967",8.6
"Reno, NV","342,885","425,417","82,532",24.1
"Richmond, VA","1,055,683","1,208,101","152,418",14.4
"Riverside-San Bernardino-Ontario, CA","3,254,821","4,224,851","970,030",29.8
"Roanoke, VA","288,309","308,707","20,398",7.1
"Rochester, MN","184,740","206,877","22,137",12
"Rochester, NY","1,062,452","1,079,671","17,219",1.6
"Rockford, IL","320,204","349,431","29,227",9.1
"Rocky Mount, NC","143,026","152,392","9,366",6.5
"Rome, GA","90,565","96,317","5,752",6.4
"Sacramento--Roseville--Arden-Arcade, CA","1,796,857","2,149,127","352,270",19.6
"Saginaw, MI","210,039","200,169","-9,870",-4.7
"St. Cloud, MN","167,392","189,093","21,701",13
"St. George, UT","90,354","138,115","47,761",52.9
"St. Joseph, MO-KS","122,336","127,329","4,993",4.1
"St. Louis, MO-IL","2,675,343","2,787,701","112,358",4.2
"Salem, OR","347,214","390,738","43,524",12.5
"Salinas, CA","401,762","415,057","13,295",3.3
"Salisbury, MD-DE","312,572","373,802","61,230",19.6
"Salt Lake City, UT","939,122","1,087,873","148,751",15.8
"San Angelo, TX","105,781","111,823","6,042",5.7
"San Antonio-New Braunfels, TX","1,711,703","2,142,508","430,805",25.2
"San Diego-Carlsbad, CA","2,813,833","3,095,313","281,480",10
"San Francisco-Oakland-Hayward, CA","4,123,740","4,335,391","211,651",5.1
"San Jose-Sunnyvale-Santa Clara, CA","1,735,819","1,836,911","101,092",5.8
"San Luis Obispo-Paso Robles-Arroyo Grande, CA","246,681","269,637","22,956",9.3
"Santa Cruz-Watsonville, CA","255,602","262,382","6,780",2.7
"Santa Fe, NM","129,292","144,170","14,878",11.5
"Santa Maria-Santa Barbara, CA","399,347","423,895","24,548",6.1
"Santa Rosa, CA","458,614","483,878","25,264",5.5
"Savannah, GA","293,000","347,611","54,611",18.6
"Scranton--Wilkes-Barre--Hazleton, PA","560,625","563,631","3,006",0.5
"Seattle-Tacoma-Bellevue, WA","3,043,878","3,439,809","395,931",13
"Sebastian-Vero Beach, FL","112,947","138,028","25,081",22.2
"Sebring, FL","87,366","98,786","11,420",13.1
"Sheboygan, WI","112,646","115,507","2,861",2.5
"Sherman-Denison, TX","110,595","120,877","10,282",9.3
"Shreveport-Bossier City, LA","417,796","439,811","22,015",5.3
"Sierra Vista-Douglas, AZ","117,755","131,346","13,591",11.5
"Sioux City, IA-NE-SD","167,902","168,563",661,0.4
"Sioux Falls, SD","187,093","228,261","41,168",22
"South Bend-Mishawaka, IN-MI","316,663","319,224","2,561",0.8
"Spartanburg, SC","283,672","313,268","29,596",10.4
"Spokane-Spokane Valley, WA","469,737","527,753","58,016",12.4
"Springfield, IL","201,437","210,170","8,733",4.3
"Springfield, MA","608,479","621,570","13,091",2.2
"Springfield, MO","368,374","436,712","68,338",18.6
"Springfield, OH","144,742","138,333","-6,409",-4.4
"State College, PA","135,758","153,990","18,232",13.4
"Staunton-Waynesboro, VA","108,988","118,502","9,514",8.7
"Stockton-Lodi, CA","563,598","685,306","121,708",21.6
"Sumter, SC","104,646","107,456","2,810",2.7
"Syracuse, NY","650,154","662,577","12,423",1.9
"Tallahassee, FL","320,304","367,413","47,109",14.7
"Tampa-St. Petersburg-Clearwater, FL","2,395,997","2,783,243","387,246",16.2
"Terre Haute, IN","170,943","172,425","1,482",0.9
"Texarkana, TX-AR","143,377","149,198","5,821",4.1
"The Villages, FL","53,345","93,420","40,075",75.1
"Toledo, OH","618,203","610,001","-8,202",-1.3
"Topeka, KS","224,551","233,870","9,319",4.2
"Trenton, NJ","350,761","366,513","15,752",4.5
"Tucson, AZ","843,746","980,263","136,517",16.2
"Tulsa, OK","859,532","937,478","77,946",9.1
"Tuscaloosa, AL","203,009","230,162","27,153",13.4
"Tyler, TX","174,706","209,714","35,008",20
"Urban Honolulu, HI","876,156","953,207","77,051",8.8
"Utica-Rome, NY","299,896","299,397",-499,-0.2
"Valdosta, GA","119,560","139,588","20,028",16.8
"Vallejo-Fairfield, CA","394,542","413,344","18,802",4.8
"Victoria, TX","91,016","94,003","2,987",3.3
"Vineland-Bridgeton, NJ","146,438","156,898","10,460",7.1
"Virginia Beach-Norfolk-Newport News, VA-NC","1,580,057","1,676,822","96,765",6.1
"Visalia-Porterville, CA","368,021","442,179","74,158",20.2
"Waco, TX","232,093","252,772","20,679",8.9
"Walla Walla, WA","59,244","62,859","3,615",6.1
"Warner Robins, GA","144,021","179,605","35,584",24.7
"Washington-Arlington-Alexandria, DC-VA-MD-WV","4,837,428","5,636,232","798,804",16.5
"Waterloo-Cedar Falls, IA","163,706","167,819","4,113",2.5
"Watertown-Fort Drum, NY","111,738","116,229","4,491",4
"Wausau, WI","125,834","134,063","8,229",6.5
"Weirton-Steubenville, WV-OH","132,008","124,454","-7,554",-5.7
"Wenatchee, WA","99,219","110,884","11,665",11.8
"Wheeling, WV-OH","153,172","147,950","-5,222",-3.4
"Wichita, KS","579,839","630,919","51,080",8.8
"Wichita Falls, TX","151,524","151,306",-218,-0.1
"Williamsport, PA","120,044","116,111","-3,933",-3.3
"Wilmington, NC","201,389","254,884","53,495",26.6
"Winchester, VA-WV","102,997","128,472","25,475",24.7
"Winston-Salem, NC","569,207","640,595","71,388",12.5
"Worcester, MA-CT","860,054","916,980","56,926",6.6
"Yakima, WA","222,581","243,231","20,650",9.3
"York-Hanover, PA","381,751","434,972","53,221",13.9
"Youngstown-Warren-Boardman, OH-PA","602,964","565,773","-37,191",-6.2
"Yuba City, CA","139,149","166,892","27,743",19.9
"Yuma, AZ","160,026","195,751","35,725",22.3
,,,, 
Micropolitan statistical area,,,, 
"Aberdeen, SD","39,827","40,602",775,1.9
"Aberdeen, WA","67,194","72,797","5,603",8.3
"Ada, OK","35,143","37,492","2,349",6.7
"Adrian, MI","98,890","99,892","1,002",1
"Alamogordo, NM","62,298","63,797","1,499",2.4
"Albemarle, NC","58,100","60,585","2,485",4.3
"Albert Lea, MN","32,584","31,255","-1,329",-4.1
"Albertville, AL","82,231","93,019","10,788",13.1
"Alexandria, MN","32,821","36,009","3,188",9.7
"Alice, TX","39,326","40,838","1,512",3.8
"Alma, MI","42,285","42,476",191,0.5
"Alpena, MI","31,314","29,598","-1,716",-5.5
"Altus, OK","28,439","26,446","-1,993",-7
"Americus, GA","36,966","37,829",863,2.3
"Amsterdam, NY","49,708","50,219",511,1
"Andrews, TX","13,004","14,786","1,782",13.7
"Angola, IN","33,214","34,185",971,2.9
"Arcadia, FL","32,209","34,862","2,653",8.2
"Ardmore, OK","45,621","47,557","1,936",4.2
"Arkadelphia, AR","23,546","22,995",-551,-2.3
"Arkansas City-Winfield, KS","36,291","36,311",20,0.1
"Ashland, OH","52,523","53,139",616,1.2
"Ashtabula, OH","102,728","101,497","-1,231",-1.2
"Astoria, OR","35,630","37,039","1,409",4
"Atchison, KS","16,774","16,924",150,0.9
"Athens, OH","62,223","64,757","2,534",4.1
"Athens, TN","49,015","52,266","3,251",6.6
"Athens, TX","73,277","78,532","5,255",7.2
"Auburn, IN","40,285","42,223","1,938",4.8
"Auburn, NY","81,963","80,026","-1,937",-2.4
"Augusta-Waterville, ME","117,114","122,151","5,037",4.3
"Austin, MN","38,603","39,163",560,1.5
"Bainbridge, GA","28,240","27,842",-398,-1.4
"Baraboo, WI","55,225","61,976","6,751",12.2
"Bardstown, KY","37,477","43,437","5,960",15.9
"Barre, VT","58,039","59,534","1,495",2.6
"Bartlesville, OK","48,996","50,976","1,980",4
"Bastrop, LA","31,021","27,979","-3,042",-9.8
"Batavia, NY","60,370","60,079",-291,-0.5
"Batesville, AR","34,233","36,647","2,414",7.1
"Bay City, TX","37,957","36,702","-1,255",-3.3
"Beatrice, NE","22,993","22,311",-682,-3
"Beaver Dam, WI","85,897","88,759","2,862",3.3
"Bedford, IN","45,922","46,134",212,0.5
"Beeville, TX","32,359","31,861",-498,-1.5
"Bellefontaine, OH","46,005","45,858",-147,-0.3
"Bemidji, MN","39,650","44,442","4,792",12.1
"Bennettsville, SC","28,818","28,933",115,0.4
"Bennington, VT","36,994","37,125",131,0.4
"Berlin, NH-VT","39,570","39,361",-209,-0.5
"Big Rapids, MI","40,553","42,798","2,245",5.5
"Big Spring, TX","35,033","36,238","1,205",3.4
"Big Stone Gap, VA","60,422","61,313",891,1.5
"Blackfoot, ID","41,735","45,607","3,872",9.3
"Bluefield, WV-VA","107,578","107,342",-236,-0.2
"Blytheville, AR","51,979","46,480","-5,499",-10.6
"Bogalusa, LA","43,926","47,168","3,242",7.4
"Boone, IA","26,224","26,306",82,0.3
"Boone, NC","42,695","51,079","8,384",19.6
"Borger, TX","23,857","22,150","-1,707",-7.2
"Bozeman, MT","67,831","89,513","21,682",32
"Bradford, PA","45,936","43,450","-2,486",-5.4
"Brainerd, MN","82,249","91,067","8,818",10.7
"Branson, MO","68,361","83,877","15,516",22.7
"Breckenridge, CO","23,548","27,994","4,446",18.9
"Brenham, TX","30,373","33,718","3,345",11
"Brevard, NC","29,334","33,090","3,756",12.8
"Brookhaven, MS","33,166","34,869","1,703",5.1
"Brookings, OR","21,137","22,364","1,227",5.8
"Brookings, SD","28,220","31,965","3,745",13.3
"Brownwood, TX","37,674","38,106",432,1.1
"Bucyrus, OH","46,966","43,784","-3,182",-6.8
"Burley, ID","41,590","43,021","1,431",3.4
"Burlington, IA-IL","50,564","47,656","-2,908",-5.8
"Butte-Silver Bow, MT","34,606","34,200",-406,-1.2
"Cadillac, MI","44,962","47,584","2,622",5.8
"Calhoun, GA","44,104","55,186","11,082",25.1
"Cambridge, MD","30,674","32,618","1,944",6.3
"Cambridge, OH","40,792","40,087",-705,-1.7
"Camden, AR","34,534","31,488","-3,046",-8.8
"Campbellsville, KY","22,927","24,512","1,585",6.9
"Caí±on City, CO","46,145","46,824",679,1.5
"Canton, IL","38,250","37,069","-1,181",-3.1
"Carlsbad-Artesia, NM","51,658","53,829","2,171",4.2
"Cedar City, UT","33,779","46,163","12,384",36.7
"Cedartown, GA","38,127","41,475","3,348",8.8
"Celina, OH","40,924","40,814",-110,-0.3
"Centralia, IL","41,691","39,437","-2,254",-5.4
"Centralia, WA","68,600","75,455","6,855",10
"Charleston-Mattoon, IL","64,449","64,921",472,0.7
"Chillicothe, OH","73,345","78,064","4,719",6.4
"Claremont-Lebanon, NH-VT","207,845","218,466","10,621",5.1
"Clarksburg, WV","92,144","94,196","2,052",2.2
"Clarksdale, MS","30,622","26,151","-4,471",-14.6
"Clearlake, CA","58,309","64,665","6,356",10.9
"Cleveland, MS","40,633","34,145","-6,488",-16
"Clewiston, FL","36,210","39,140","2,930",8.1
"Clinton, IA","50,149","49,116","-1,033",-2.1
"Clovis, NM","45,044","48,376","3,332",7.4
"Coffeyville, KS","36,252","35,471",-781,-2.2
"Coldwater, MI","45,787","45,248",-539,-1.2
"Columbus, MS","61,586","59,779","-1,807",-2.9
"Columbus, NE","31,662","32,237",575,1.8
"Concord, NH","136,225","146,445","10,220",7.5
"Connersville, IN","25,588","24,277","-1,311",-5.1
"Cookeville, TN","93,417","106,042","12,625",13.5
"Coos Bay, OR","62,779","63,043",264,0.4
"Cordele, GA","21,996","23,439","1,443",6.6
"Corinth, MS","34,558","37,057","2,499",7.2
"Cornelia, GA","35,902","43,041","7,139",19.9
"Corning, NY","98,726","98,990",264,0.3
"Corsicana, TX","45,124","47,735","2,611",5.8
"Cortland, NY","48,599","49,336",737,1.5
"Coshocton, OH","36,655","36,901",246,0.7
"Craig, CO","13,184","13,795",611,4.6
"Crawfordsville, IN","37,629","38,124",495,1.3
"Crescent City, CA","27,507","28,610","1,103",4
"Crossville, TN","46,802","56,053","9,251",19.8
"Cullman, AL","77,483","80,406","2,923",3.8
"Cullowhee, NC","33,121","40,271","7,150",21.6
"Danville, KY","51,058","53,174","2,116",4.1
"Danville, VA","110,156","106,561","-3,595",-3.3
"Dayton, TN","28,400","31,809","3,409",12
"Decatur, IN","33,625","34,387",762,2.3
"Defiance, OH","39,500","39,037",-463,-1.2
"Del Rio, TX","44,856","48,879","4,023",9
"Deming, NM","25,016","25,095",79,0.3
"DeRidder, LA","32,986","35,654","2,668",8.1
"Dickinson, ND","22,636","24,199","1,563",6.9
"Dixon, IL","36,062","36,031",-31,-0.1
"Dodge City, KS","32,458","33,848","1,390",4.3
"Douglas, GA","37,413","42,356","4,943",13.2
"Dublin, GA","53,434","58,414","4,980",9.3
"DuBois, PA","83,382","81,642","-1,740",-2.1
"Dumas, TX","20,121","21,904","1,783",8.9
"Duncan, OK","43,182","45,048","1,866",4.3
"Dunn, NC","91,025","114,678","23,653",26
"Durango, CO","43,941","51,334","7,393",16.8
"Durant, OK","36,534","42,416","5,882",16.1
"Dyersburg, TN","37,279","38,335","1,056",2.8
"Eagle Pass, TX","47,297","54,258","6,961",14.7
"Easton, MD","33,812","37,782","3,970",11.7
"Edwards, CO","41,659","52,197","10,538",25.3
"Effingham, IL","34,264","34,242",-22,-0.1
"El Campo, TX","41,188","41,280",92,0.2
"El Dorado, AR","45,629","41,639","-3,990",-8.7
"Elizabeth City, NC","53,150","64,094","10,944",20.6
"Elk City, OK","19,799","22,119","2,320",11.7
"Elkins, WV","28,262","29,405","1,143",4
"Elko, NV","46,942","50,805","3,863",8.2
"Ellensburg, WA","33,362","40,915","7,553",22.6
"Emporia, KS","35,935","33,690","-2,245",-6.2
"Enid, OK","57,813","60,580","2,767",4.8
"Enterprise, AL","43,615","49,948","6,333",14.5
"Escanaba, MI","38,520","37,069","-1,451",-3.8
"Espaí±ola, NM","41,190","40,246",-944,-2.3
"Eureka-Arcata-Fortuna, CA","126,518","134,623","8,105",6.4
"Evanston, WY","19,742","21,118","1,376",7
"Fairfield, IA","16,181","16,843",662,4.1
"Fairmont, WV","56,598","56,418",-180,-0.3
"Fallon, NV","23,982","24,877",895,3.7
"Faribault-Northfield, MN","56,665","64,142","7,477",13.2
"Farmington, MO","55,641","65,359","9,718",17.5
"Fergus Falls, MN","57,159","57,303",144,0.3
"Fernley, NV","34,501","51,980","17,479",50.7
"Findlay, OH","71,295","74,782","3,487",4.9
"Fitzgerald, GA","17,484","17,634",150,0.9
"Forest City, NC","62,899","67,810","4,911",7.8
"Forrest City, AR","29,329","28,258","-1,071",-3.7
"Fort Dodge, IA","40,235","38,013","-2,222",-5.5
"Fort Leonard Wood, MO","41,165","52,274","11,109",27
"Fort Madison-Keokuk, IA-IL-MO","65,589","62,105","-3,484",-5.3
"Fort Morgan, CO","27,171","28,159",988,3.6
"Fort Polk South, LA","52,531","52,334",-197,-0.4
"Frankfort, IN","33,866","33,224",-642,-1.9
"Frankfort, KY","66,798","70,706","3,908",5.9
"Fredericksburg, TX","20,814","24,837","4,023",19.3
"Freeport, IL","48,979","47,711","-1,268",-2.6
"Fremont, NE","36,160","36,691",531,1.5
"Fremont, OH","61,792","60,944",-848,-1.4
"Gaffney, SC","52,537","55,342","2,805",5.3
"Gainesville, TX","36,363","38,437","2,074",5.7
"Galesburg, IL","55,836","52,919","-2,917",-5.2
"Gallup, NM","74,798","71,492","-3,306",-4.4
"Garden City, KS","45,054","40,753","-4,301",-9.5
"Gardnerville Ranchos, NV","41,259","46,997","5,738",13.9
"Georgetown, SC","55,797","60,158","4,361",7.8
"Gillette, WY","33,698","46,133","12,435",36.9
"Glasgow, KY","48,070","52,272","4,202",8.7
"Glenwood Springs, CO","58,663","73,537","14,874",25.4
"Gloversville, NY","55,073","55,531",458,0.8
"Grants, NM","25,595","27,213","1,618",6.3
"Great Bend, KS","28,205","27,674",-531,-1.9
"Greeneville, TN","62,909","68,831","5,922",9.4
"Greenfield Town, MA","71,535","71,372",-163,-0.2
"Greensburg, IN","24,555","25,740","1,185",4.8
"Greenville, MS","62,977","51,137","-11,840",-18.8
"Greenville, OH","53,309","52,959",-350,-0.7
"Greenwood, MS","48,716","42,914","-5,802",-11.9
"Greenwood, SC","92,438","95,078","2,640",2.9
"Grenada, MS","23,263","21,906","-1,357",-5.8
"Guymon, OK","20,107","20,640",533,2.7
"Hailey, ID","24,026","27,701","3,675",15.3
"Hannibal, MO","37,915","38,948","1,033",2.7
"Harrison, AR","42,556","45,233","2,677",6.3
"Hastings, NE","31,151","31,364",213,0.7
"Hays, KS","27,507","28,452",945,3.4
"Heber, UT","15,215","23,530","8,315",54.7
"Helena, MT","65,765","74,801","9,036",13.7
"Helena-West Helena, AR","26,445","21,757","-4,688",-17.7
"Henderson, NC","42,954","45,422","2,468",5.7
"Hereford, TX","18,561","19,372",811,4.4
"Hermiston-Pendleton, OR","81,543","87,062","5,519",6.8
"Hillsdale, MI","46,527","46,688",161,0.3
"Hilo, HI","148,677","185,079","36,402",24.5
"Hobbs, NM","55,511","64,727","9,216",16.6
"Holland, MI","105,665","111,408","5,743",5.4
"Hood River, OR","20,411","22,346","1,935",9.5
"Houghton, MI","38,317","38,784",467,1.2
"Hudson, NY","63,094","63,096",2,0
"Huntingdon, PA","45,586","45,913",327,0.7
"Huntington, IN","38,075","37,124",-951,-2.5
"Huntsville, TX","75,537","82,446","6,909",9.1
"Huron, SD","17,023","17,398",375,2.2
"Hutchinson, KS","64,790","64,511",-279,-0.4
"Hutchinson, MN","34,898","36,651","1,753",5
"Indiana, PA","89,605","88,880",-725,-0.8
"Indianola, MS","34,369","29,450","-4,919",-14.3
"Ionia, MI","61,518","63,905","2,387",3.9
"Iron Mountain, MI-WI","32,560","30,591","-1,969",-6
"Jackson, OH","32,641","33,225",584,1.8
"Jackson, WY-ID","24,250","31,464","7,214",29.7
"Jacksonville, IL","42,153","40,902","-1,251",-3
"Jacksonville, TX","46,659","50,845","4,186",9
"Jamestown, ND","21,908","21,100",-808,-3.7
"Jamestown-Dunkirk-Fredonia, NY","139,750","134,905","-4,845",-3.5
"Jasper, IN","52,511","54,734","2,223",4.2
"Jefferson, GA","41,589","60,485","18,896",45.4
"Jesup, GA","26,565","30,099","3,534",13.3
"Junction City, KS","27,947","34,362","6,415",23
"Juneau, AK","30,711","31,275",564,1.8
"Kalispell, MT","74,471","90,928","16,457",22.1
"Kapaa, HI","58,463","67,091","8,628",14.8
"Kearney, NE","49,141","52,591","3,450",7
"Keene, NH","73,825","77,117","3,292",4.5
"Kendallville, IN","46,275","47,536","1,261",2.7
"Kennett, MO","33,155","31,953","-1,202",-3.6
"Kerrville, TX","43,653","49,625","5,972",13.7
"Ketchikan, AK","14,070","13,477",-593,-4.2
"Key West, FL","79,589","73,090","-6,499",-8.2
"Kill Devil Hills, NC","34,116","38,327","4,211",12.3
"Kingsville, TX","31,963","32,477",514,1.6
"Kinston, NC","59,648","59,495",-153,-0.3
"Kirksville, MO","29,147","30,038",891,3.1
"Klamath Falls, OR","63,775","66,380","2,605",4.1
"Laconia, NH","56,325","60,088","3,763",6.7
"La Grande, OR","24,530","25,748","1,218",5
"LaGrange, GA","58,779","67,044","8,265",14.1
"Lake City, FL","56,513","67,531","11,018",19.5
"Lamesa, TX","14,985","13,833","-1,152",-7.7
"Laramie, WY","32,014","36,299","4,285",13.4
"Las Vegas, NM","30,126","29,393",-733,-2.4
"Laurel, MS","83,107","84,823","1,716",2.1
"Laurinburg, NC","35,998","36,157",159,0.4
"Lawrenceburg, TN","39,926","41,869","1,943",4.9
"Lebanon, MO","32,513","35,571","3,058",9.4
"Levelland, TX","22,716","22,935",219,1
"Lewisburg, PA","41,624","44,947","3,323",8
"Lewisburg, TN","26,767","30,617","3,850",14.4
"Lewistown, PA","46,486","46,682",196,0.4
"Lexington, NE","26,508","26,370",-138,-0.5
"Liberal, KS","22,510","22,952",442,2
"Lincoln, IL","31,183","30,305",-878,-2.8
"Lock Haven, PA","37,914","39,238","1,324",3.5
"Logan, WV","37,710","36,743",-967,-2.6
"Logansport, IN","40,930","38,966","-1,964",-4.8
"London, KY","120,375","126,369","5,994",5
"Los Alamos, NM","18,343","17,950",-393,-2.1
"Ludington, MI","28,274","28,705",431,1.5
"Lufkin, TX","80,130","86,771","6,641",8.3
"Lumberton, NC","123,339","134,168","10,829",8.8
"Macomb, IL","32,913","32,612",-301,-0.9
"Madison, IN","31,705","32,428",723,2.3
"Madisonville, KY","46,519","46,920",401,0.9
"Magnolia, AR","25,603","24,552","-1,051",-4.1
"Malone, NY","51,134","51,599",465,0.9
"Malvern, AR","30,353","32,923","2,570",8.5
"Manitowoc, WI","82,887","81,442","-1,445",-1.7
"Marietta, OH","63,251","61,778","-1,473",-2.3
"Marinette, WI-MI","68,710","65,778","-2,932",-4.3
"Marion, IN","73,403","70,061","-3,342",-4.6
"Marion, NC","42,151","44,996","2,845",6.7
"Marion, OH","66,217","66,501",284,0.4
"Marquette, MI","64,634","67,077","2,443",3.8
"Marshall, MN","25,425","25,857",432,1.7
"Marshall, MO","23,756","23,370",-386,-1.6
"Marshall, TX","62,110","65,631","3,521",5.7
"Marshalltown, IA","39,311","40,648","1,337",3.4
"Martin, TN","34,895","35,021",126,0.4
"Martinsville, VA","73,346","67,972","-5,374",-7.3
"Maryville, MO","21,912","23,370","1,458",6.7
"Mason City, IA","54,356","51,749","-2,607",-4.8
"Mayfield, KY","37,028","37,121",93,0.3
"Maysville, KY","16,800","17,490",690,4.1
"McAlester, OK","43,953","45,837","1,884",4.3
"McComb, MS","52,539","53,535",996,1.9
"McMinnville, TN","38,276","39,839","1,563",4.1
"McPherson, KS","29,554","29,180",-374,-1.3
"Meadville, PA","90,366","88,765","-1,601",-1.8
"Menomonie, WI","39,858","43,857","3,999",10
"Meridian, MS","106,569","107,449",880,0.8
"Merrill, WI","29,641","28,743",-898,-3
"Mexico, MO","25,853","25,529",-324,-1.3
"Miami, OK","33,194","31,848","-1,346",-4.1
"Middlesborough, KY","30,060","28,691","-1,369",-4.6
"Milledgeville, GA","54,776","55,149",373,0.7
"Mineral Wells, TX","27,026","28,111","1,085",4
"Minot, ND","67,392","69,540","2,148",3.2
"Mitchell, SD","21,880","22,835",955,4.4
"Moberly, MO","24,663","25,414",751,3
"Montrose, CO","33,432","41,276","7,844",23.5
"Morehead City, NC","59,383","66,469","7,086",11.9
"Morgan City, LA","53,500","54,650","1,150",2.1
"Moscow, ID","34,935","37,244","2,309",6.6
"Moses Lake, WA","74,698","89,120","14,422",19.3
"Moultrie, GA","42,053","45,498","3,445",8.2
"Mountain Home, AR","38,386","41,513","3,127",8.1
"Mountain Home, ID","29,130","27,038","-2,092",-7.2
"Mount Airy, NC","71,219","73,673","2,454",3.4
"Mount Pleasant, MI","63,351","70,311","6,960",11
"Mount Pleasant, TX","28,118","32,334","4,216",15
"Mount Sterling, KY","40,195","44,396","4,201",10.5
"Mount Vernon, IL","40,045","38,827","-1,218",-3
"Mount Vernon, OH","54,500","60,921","6,421",11.8
"Murray, KY","34,177","37,191","3,014",8.8
"Muscatine, IA","41,722","42,745","1,023",2.5
"Muskogee, OK","69,451","70,990","1,539",2.2
"Nacogdoches, TX","59,203","64,524","5,321",9
"Natchez, MS-LA","54,587","53,119","-1,468",-2.7
"Natchitoches, LA","39,080","39,566",486,1.2
"Newberry, SC","36,108","37,508","1,400",3.9
"New Castle, IN","48,508","49,462",954,2
"New Castle, PA","94,643","91,108","-3,535",-3.7
"New Philadelphia-Dover, OH","90,914","92,582","1,668",1.8
"Newport, OR","44,479","46,034","1,555",3.5
"Newport, TN","33,565","35,662","2,097",6.2
"Newton, IA","37,213","36,842",-371,-1
"New Ulm, MN","26,911","25,893","-1,018",-3.8
"Nogales, AZ","38,381","47,420","9,039",23.6
"Norfolk, NE","49,538","48,271","-1,267",-2.6
"North Platte, NE","35,939","37,590","1,651",4.6
"North Vernon, IN","27,554","28,525",971,3.5
"North Wilkesboro, NC","65,632","69,340","3,708",5.6
"Norwalk, OH","59,487","59,626",139,0.2
"Oak Harbor, WA","71,558","78,506","6,948",9.7
"Ogdensburg-Massena, NY","111,931","111,944",13,0
"Oil City, PA","57,565","54,984","-2,581",-4.5
"Okeechobee, FL","35,910","39,996","4,086",11.4
"Olean, NY","83,955","80,317","-3,638",-4.3
"Oneonta, NY","61,676","62,259",583,0.9
"Ontario, OR-ID","52,193","53,936","1,743",3.3
"Opelousas, LA","87,700","83,384","-4,316",-4.9
"Orangeburg, SC","91,582","92,501",919,1
"Oskaloosa, IA","22,335","22,381",46,0.2
"Othello, WA","16,428","18,728","2,300",14
"Ottawa, KS","24,784","25,992","1,208",4.9
"Ottawa-Peru, IL","153,098","154,908","1,810",1.2
"Ottumwa, IA","44,592","44,378",-214,-0.5
"Owatonna, MN","33,680","36,576","2,896",8.6
"Owosso, MI","71,687","70,648","-1,039",-1.4
"Oxford, MS","38,744","47,351","8,607",22.2
"Oxford, NC","48,498","59,916","11,418",23.5
"Ozark, AL","49,129","50,251","1,122",2.3
"Paducah, KY-IL","98,765","98,762",-3,0
"Pahrump, NV","32,485","43,946","11,461",35.3
"Palatka, FL","70,423","74,364","3,941",5.6
"Palestine, TX","55,109","58,458","3,349",6.1
"Pampa, TX","22,744","22,535",-209,-0.9
"Paragould, AR","37,331","42,090","4,759",12.7
"Paris, TN","31,115","32,330","1,215",3.9
"Paris, TX","48,499","49,793","1,294",2.7
"Parsons, KS","22,835","21,607","-1,228",-5.4
"Payson, AZ","51,335","53,597","2,262",4.4
"Pecos, TX","13,137","13,783",646,4.9
"Peru, IN","36,082","36,903",821,2.3
"Picayune, MS","48,621","55,834","7,213",14.8
"Pierre, SD","20,809","21,361",552,2.7
"Pinehurst-Southern Pines, NC","74,769","88,247","13,478",18
"Pittsburg, KS","38,242","39,134",892,2.3
"Plainview, TX","36,602","36,273",-329,-0.9
"Platteville, WI","49,597","51,208","1,611",3.2
"Plattsburgh, NY","79,894","82,128","2,234",2.8
"Plymouth, IN","45,128","47,051","1,923",4.3
"Point Pleasant, WV-OH","57,026","58,258","1,232",2.2
"Ponca City, OK","48,080","46,562","-1,518",-3.2
"Pontiac, IL","39,678","38,950",-728,-1.8
"Poplar Bluff, MO","40,867","42,794","1,927",4.7
"Portales, NM","18,018","19,846","1,828",10.1
"Port Angeles, WA","64,525","71,404","6,879",10.7
"Port Clinton, OH","40,985","41,428",443,1.1
"Port Lavaca, TX","20,647","21,381",734,3.6
"Portsmouth, OH","79,195","79,499",304,0.4
"Pottsville, PA","150,336","148,289","-2,047",-1.4
"Price, UT","20,422","21,403",981,4.8
"Prineville, OR","19,182","20,978","1,796",9.4
"Pullman, WA","40,740","44,776","4,036",9.9
"Quincy, IL-MO","78,771","77,314","-1,457",-1.8
"Raymondville, TX","20,082","22,134","2,052",10.2
"Red Bluff, CA","56,039","63,463","7,424",13.2
"Red Wing, MN","44,127","46,183","2,056",4.7
"Rexburg, ID","39,286","50,778","11,492",29.3
"Richmond, IN","71,097","68,917","-2,180",-3.1
"Richmond-Berea, KY","87,454","99,972","12,518",14.3
"Rio Grande City, TX","53,597","60,968","7,371",13.8
"Riverton, WY","35,804","40,123","4,319",12.1
"Roanoke Rapids, NC","79,456","76,790","-2,666",-3.4
"Rochelle, IL","51,032","53,497","2,465",4.8
"Rockingham, NC","46,564","46,639",75,0.2
"Rock Springs, WY","37,613","43,806","6,193",16.5
"Rolla, MO","39,825","45,156","5,331",13.4
"Roseburg, OR","100,399","107,667","7,268",7.2
"Roswell, NM","61,382","65,645","4,263",6.9
"Russellville, AR","75,608","83,939","8,331",11
"Ruston, LA","42,509","46,735","4,226",9.9
"Rutland, VT","63,400","61,642","-1,758",-2.8
"Safford, AZ","33,489","37,220","3,731",11.1
"St. Marys, GA","43,664","50,513","6,849",15.7
"Salem, OH","112,075","107,841","-4,234",-3.8
"Salina, KS","59,760","61,697","1,937",3.2
"Sandpoint, ID","36,835","40,877","4,042",11
"Sandusky, OH","79,551","77,079","-2,472",-3.1
"Sanford, NC","49,040","57,866","8,826",18
"Sault Ste. Marie, MI","38,543","38,520",-23,-0.1
"Sayre, PA","62,761","62,622",-139,-0.2
"Scottsbluff, NE","39,245","38,971",-274,-0.7
"Scottsboro, AL","53,926","53,227",-699,-1.3
"Searcy, AR","67,165","77,076","9,911",14.8
"Sedalia, MO","39,403","42,201","2,798",7.1
"Selinsgrove, PA","37,546","39,702","2,156",5.7
"Selma, AL","46,365","43,820","-2,545",-5.5
"Seneca, SC","66,215","74,273","8,058",12.2
"Seneca Falls, NY","33,342","35,251","1,909",5.7
"Sevierville, TN","71,170","89,889","18,719",26.3
"Seymour, IN","41,335","42,376","1,041",2.5
"Shawano, WI","45,226","46,181",955,2.1
"Shawnee, OK","65,521","69,442","3,921",6
"Shelby, NC","96,287","98,078","1,791",1.9
"Shelbyville, TN","37,586","45,058","7,472",19.9
"Shelton, WA","49,405","60,699","11,294",22.9
"Sheridan, WY","26,560","29,116","2,556",9.6
"Show Low, AZ","97,470","107,449","9,979",10.2
"Sidney, OH","47,910","49,423","1,513",3.2
"Sikeston, MO","40,422","39,191","-1,231",-3
"Silver City, NM","31,002","29,514","-1,488",-4.8
"Snyder, TX","16,361","16,921",560,3.4
"Somerset, KY","56,217","63,063","6,846",12.2
"Somerset, PA","80,023","77,742","-2,281",-2.9
"Sonora, CA","54,501","55,365",864,1.6
"Spearfish, SD","21,802","24,097","2,295",10.5
"Spencer, IA","17,372","16,667",-705,-4.1
"Spirit Lake, IA","16,424","16,667",243,1.5
"Starkville, MS","42,902","47,671","4,769",11.1
"Statesboro, GA","55,983","70,217","14,234",25.4
"Steamboat Springs, CO","19,690","23,509","3,819",19.4
"Stephenville, TX","33,001","37,890","4,889",14.8
"Sterling, CO","20,504","22,709","2,205",10.8
"Sterling, IL","60,653","58,498","-2,155",-3.6
"Stevens Point, WI","67,182","70,019","2,837",4.2
"Stillwater, OK","68,190","77,350","9,160",13.4
"Storm Lake, IA","20,411","20,260",-151,-0.7
"Sturgis, MI","62,422","61,295","-1,127",-1.8
"Sulphur Springs, TX","31,960","35,161","3,201",10
"Summerville, GA","25,470","26,015",545,2.1
"Summit Park, UT","29,736","36,324","6,588",22.2
"Sunbury, PA","94,556","94,528",-28,0
"Susanville, CA","33,828","34,895","1,067",3.2
"Sweetwater, TX","15,802","15,216",-586,-3.7
"Tahlequah, OK","42,521","46,987","4,466",10.5
"Talladega-Sylacauga, AL","92,523","93,830","1,307",1.4
"Taos, NM","29,979","32,937","2,958",9.9
"Taylorville, IL","35,372","34,800",-572,-1.6
"The Dalles, OR","23,791","25,213","1,422",6
"Thomaston, GA","27,597","27,153",-444,-1.6
"Thomasville, GA","42,737","44,720","1,983",4.6
"Tiffin, OH","58,683","56,745","-1,938",-3.3
"Tifton, GA","38,407","40,118","1,711",4.5
"Toccoa, GA","25,435","26,175",740,2.9
"Torrington, CT","182,193","189,927","7,734",4.2
"Traverse City, MI","131,342","143,372","12,030",9.2
"Troy, AL","29,605","32,899","3,294",11.1
"Truckee-Grass Valley, CA","92,033","98,764","6,731",7.3
"Tullahoma-Manchester, TN","93,024","100,210","7,186",7.7
"Tupelo, MS","125,251","136,268","11,017",8.8
"Twin Falls, ID","82,626","99,604","16,978",20.5
"Ukiah, CA","86,265","87,841","1,576",1.8
"Union City, TN-KY","40,202","38,620","-1,582",-3.9
"Urbana, OH","38,890","40,097","1,207",3.1
"Uvalde, TX","25,926","26,405",479,1.8
"Valley, AL","36,583","34,215","-2,368",-6.5
"Van Wert, OH","29,659","28,744",-915,-3.1
"Vermillion, SD","13,537","13,864",327,2.4
"Vernal, UT","25,224","32,588","7,364",29.2
"Vernon, TX","14,676","13,535","-1,141",-7.8
"Vicksburg, MS","61,475","58,377","-3,098",-5
"Vidalia, GA","34,337","36,346","2,009",5.9
"Vincennes, IN","39,256","38,440",-816,-2.1
"Vineyard Haven, MA","14,987","16,535","1,548",10.3
"Wabash, IN","34,960","32,888","-2,072",-5.9
"Wahpeton, ND-MN","25,136","22,897","-2,239",-8.9
"Wapakoneta, OH","46,611","45,949",-662,-1.4
"Warren, PA","43,863","41,815","-2,048",-4.7
"Warrensburg, MO","48,258","52,595","4,337",9
"Warsaw, IN","74,057","77,358","3,301",4.5
"Washington, IN","29,820","31,648","1,828",6.1
"Washington, NC","44,958","47,759","2,801",6.2
"Washington Court House, OH","28,433","29,030",597,2.1
"Watertown, SD","25,897","27,227","1,330",5.1
"Watertown-Fort Atkinson, WI","74,021","83,686","9,665",13.1
"Wauchula, FL","26,938","27,731",793,2.9
"Waycross, GA","51,119","55,070","3,951",7.7
"Weatherford, OK","26,142","27,469","1,327",5.1
"West Plains, MO","37,238","40,400","3,162",8.5
"Whitewater-Elkhorn, WI","93,759","102,228","8,469",9
"Williston, ND","19,761","22,398","2,637",13.3
"Willmar, MN","41,203","42,239","1,036",2.5
"Wilmington, OH","40,543","42,040","1,497",3.7
"Wilson, NC","73,814","81,234","7,420",10.1
"Winnemucca, NV","16,106","16,528",422,2.6
"Winona, MN","49,985","51,461","1,476",3
"Wisconsin Rapids-Marshfield, WI","75,555","74,749",-806,-1.1
"Woodward, OK","18,486","20,081","1,595",8.6
"Wooster, OH","111,564","114,520","2,956",2.6
"Worthington, MN","20,832","21,378",546,2.6
"Yankton, SD","21,652","22,438",786,3.6
"Zanesville, OH","84,585","86,074","1,489",1.8
"Zapata, TX","12,182","14,018","1,836",15.1
"Aguadilla-Isabela, PR","347,938","339,441","-8,497",-2.4
"Arecibo, PR","199,750","199,471",-279,-0.1
"Guayama, PR","83,570","84,214",644,0.8
"Mayagí_ez, PR","115,048","106,330","-8,718",-7.6
"Ponce, PR","382,982","350,480","-32,502",-8.5
"San Germíçn, PR","136,212","137,462","1,250",0.9
"San Juan-Carolina-Caguas, PR","2,387,790","2,350,126","-37,664",-1.6
"Adjuntas, PR","19,143","19,483",340,1.8
"Coamo, PR","37,597","40,512","2,915",7.8
"Coco, PR","31,113","31,078",-35,-0.1
"Jayuya, PR","17,318","16,642",-676,-3.9
"Santa Isabel, PR","21,665","23,274","1,609",7.4